{
  "dataset_name": "mexico-military-computer-dataset",
  "created_from": "https://www.nextmsc.com/report/mexico-military-computer-market-3643",
  "created_on": "2025-12-01",
  "fields": {
    "Title": "Field description",
    "Source": "Field description",
    "URL": "Field description",
    "Market_Size_2024_USD_million": "Field description",
    "Market_Size_2025_USD_million": "Field description",
    "Market_Projection_2030_USD_million": "Field description",
    "CAGR_2025_2030_percent": "Field description",
    "Segments": "Field description",
    "Key_Players": "Field description",
    "Summary": "Field description"
  },
  "notes": [
    "Source page inaccessible; numeric values set as N/A."
  ]
}